url,clicks_90d,impressions_90d,ctr_pct,avg_position,top_queries
https://www.fulfillmentmtp.com.ua/,6,375,1.6,10.1,mtp group(3) | (mtp)(1) | fulfilment(9) | fulfilment логістика(3) | fulfilment логістика дніпро(3) | fulfilment логістика запоріжжя(2) | fulfilment логістика київ(2) | mtp(56) | mtp grupa(1) | мтп(72)
https://www.fulfillmentmtp.com.ua/ua/blog/tpost/s7non1f0y1-scho-take-sla-v-logstits-chomu-tse-klyuc/,2,365,0.55,7.1,sla(151) | sla - це(3) | sla підтримки платформ продажу надлишків(6) | sla це(95) | sla що це(12) | sla.(1) | sla/slo(1) | что такое sla в логистике(1) | що таке sla(18) | що таке сла(2)
https://www.fulfillmentmtp.com.ua/ru/,2,356,0.56,12.4,фулфилмент украина(5) | fulfillment(1) | fulfilment(4) | fulfilment service(8) | fulfilment services(6) | fulfilment логистика днепр(2) | fulfilment логистика запорожье(1) | fulfilment логистика киев(1) | fullfillment(1) | мтп(191)
https://www.fulfillmentmtp.com.ua/ua/blog/tpost/2fz7njsgn1-scho-take-artikul-yak-pravilno-iogo-stvo/,1,336,0.3,5.0,що таке артикул(21) | fhnbrek(2) | арикул(1) | артикул(119) | артикул товара(5) | артикул товару(17) | артикул товару приклад(1) | артикул товару це(7) | артикул це(61) | артикула(1)
https://www.fulfillmentmtp.com.ua/blog/tpost/yzhv774pa1-kak-otkrit-internet-magazin-v-ukraine-os/,1,295,0.34,24.1,ведение интернет магазина(3) | заказать интернет магазин цена(1) | запуск и продвижение интернет магазина с нуля(3) | запуск интернет магазина с нуля(3) | интернет магазин как открыть(3) | интернет магазин как открыть пошагово с нуля(1) | интернет магазин открыть(6) | интернет магазин создать украина(2) | как заполнять интернет магазин(1) | как запустить интернет магазин(3)
https://www.fulfillmentmtp.com.ua/ua/blog/tpost/xz8vfk1jg1-tovarnii-bznes-v-ukran-osoblivost-ta-per/,0,164,0,8.5,товарний(1) | товарний бізнес(65) | товарний бізнес в україні(22) | товарний бізнес відгуки(1) | товарний бізнес україна(27) | товарний бізнес україни(3) | товарний бізнес це(21) | товарный бизнес(1) | фулфілмент для товарного бізнесу(1) | що таке товарний бізнес(4)
https://www.fulfillmentmtp.com.ua/en/fulfillment-for-marketplaces/,0,139,0,4.8,kasta.ua international delivery(4) | prom.ua(68) | rozetka vs prom.ua comparison ukraine(2) | rozetka vs prom.ua prices comparison(2)
https://www.fulfillmentmtp.com.ua/blog/tpost/pdjm77ogc1-chto-takoe-sla-v-logistike-i-pochemu-eto/,0,98,0,8.3,sla(36) | sla shipping(1) | sla в логистике(10) | sla в логистике это(2) | sla логистика(3) | sla что это(2) | сла это(1) | что такое sla в логистике(2)
https://fulfillmentmtp.com.ua/,0,95,0,6.3,fulfilment center(5) | fulfilment service(3) | fulfilment services(6) | fulfilment логистика(1) | fulfilment логистика киев(1) | mtp(2) | mtp group(3) | warehouse and fulfillment services(1) | склад фулфилмент(10) | склад фулфілмент(1)
https://www.fulfillmentmtp.com.ua/ru/fulfilment-ukraina/,0,81,0,57.6,fulfilment service(1) | fulfilment solutions(1) | fulfilment логистика днепр(2) | fulfilment логистика запорожье(1) | fulfilment логистика киев(2) | fulfilment логістика дніпро(2) | fulfilment логістика запоріжжя(1) | packaging fulfillment(7) | склад фулфилмент(2) | склад фулфилмент днепр(3)
https://www.fulfillmentmtp.com.ua/ua/fulfilment-dlya-internet-magazynu/,0,72,0,26.9,mtp group(1) | скільки коштує складське зберігання для e-commerce магазину(8) | фулфилмент для интернет магазина(9) | фулфилмент для интернет магазинов(5) | фулфилмент для интернет магазинов днепр(2) | фулфилмент для интернет магазинов запорожье(1) | фулфилмент для интернет магазинов киев(1) | фулфилмент интернет магазина(21) | фулфилмент киев(2) | фулфилмент цены(6)
https://www.fulfillmentmtp.com.ua/en/,0,68,0,10.5,3pl fulfillment(2) | 3pl warehouse(1) | fulfillment companies(1) | fulfilment service(2) | logistics and fulfillment company(1) | packaging fulfillment(14) | warehouse and fulfillment services(1)
https://fulfillmentmtp.com.ua/blog/tpost/8emi42xu61-tovarnii-biznes-v-ukraine-osobennosti-i,0,67,0,10,товарный бизнес(51) | товарный бизнес украина(1) | что такое товарный бизнес(1)
https://www.fulfillmentmtp.com.ua/fulfilment-dlya-internet-magazynu/,0,65,0,50.1,склад фулфілмент(1) | услуга фулфилмент(7) | фулфилмент(2) | фулфилмент для интернет магазина(6) | фулфилмент для интернет магазинов(2) | фулфилмент для интернет магазинов днепр(2) | фулфилмент для интернет магазинов киев(1) | фулфилмент для магазинов(4) | фулфилмент для маркетплейсов киев(1) | фулфилмент днепр(1)
https://www.fulfillmentmtp.com.ua/services/,1,64,1.56,20.2,фулфилмент в украине(1) | fulfilment service(3) | fulfilment services(5) | fulfilment solutions(2) | fulfilment логистика(1) | fulfilment логистика киев(1) | аутсорсинг доставки товаров(1) | аутсорсинг приема заказов(1) | склад фулфилмент(1) | склад фулфилмент киев(1)
https://fulfillmentmtp.com.ua/ua/blog/tpost/iyjgnyrmx1-rro-prro-dlya-bznesu-osoblivost-ta-vimog,0,56,0,36.3,rro(1) | програмний реєстратор розрахункових операцій(1) | програмний рро для юридичних осіб(2) | програмний рро це(1) | прро це(9) | рро(7) | рро для салонів краси(1) | рро касовий апарат(1) | рро прро(1) | рро прро це(5)
https://www.fulfillmentmtp.com.ua/ru/fulfilment-dlya-internet-magazynu/,0,56,0,40.8,склад фулфілмент дніпро(2) | услуга фулфилмент(1) | фулфилмент для интернет магазина(17) | фулфилмент для интернет магазинов(2) | фулфилмент для интернет магазинов днепр(1) | фулфилмент для интернет магазинов запорожье(1) | фулфилмент для интернет магазинов киев(1) | фулфилмент для маркетплейсов днепр(1) | фулфилмент днепр(2) | фулфилмент заказать(3)
https://www.fulfillmentmtp.com.ua/ua/services/,0,54,0,43.7,fulfilment service(7) | fulfilment логистика днепр(1) | fulfilment логистика киев(1) | fulfilment логістика київ(1) | mtp group(1) | склад фулфилмент киев(1) | склад фулфілмент(2) | склад фулфілмент дніпро(1) | склад фулфілмент київ(1) | фулфилмент для интернет магазинов киев(1)
https://www.fulfillmentmtp.com.ua/ua/blog/tpost/2lpu5l5sa1-mtp-group-dinii-v-ukran-servs-z-shvidko/,6,53,11.32,8.5,mtp group(1) | так(1)
https://www.fulfillmentmtp.com.ua/blog/tpost/yzhv774pa1-kak-otkrit-internet-magazin-v-ukraine-os,0,51,0,26.5,бизнес интернет магазин(1) | где открыть интернет компанию(2) | заказать интернет магазин(1) | запуск и продвижение интернет магазина с нуля(1) | как запустить интернет магазин(1) | как запустить интернет магазин с нуля(1) | как запустить свой интернет магазин(2) | как открыть интернет магазин(1) | как открыть интернет магазин в украине(1) | как открыть интернет-магазин в украине(1)
https://fulfillmentmtp.com.ua/services/,0,46,0,25.7,fulfilment service(4) | fulfilment solutions(1) | fulfilment логистика(1) | mtp group(2) | аутсорсинг приема заказов(2) | услуги фулфилмента(3) | фулфилмент для интернет магазинов запорожье(1) | фулфилмент для интернет магазинов киев(1) | фулфилмент киев(2) | фулфилмент логистика(2)
https://fulfillmentmtp.com.ua/en/blog/post/fulfillment-cost-guide/,0,45,0,21.7,business fulfillment pricing(3) | demand ware fulfillment pricing(4) | fulfillment companies pricing(1) | fulfillment provider cost(5) | fulfillment service prices(1) | order fulfillment companies pricing(1) | order fulfilment costs(5) | top fulfillment solutions pricing(1)
https://www.fulfillmentmtp.com.ua/ua/skladski-poslugy/,0,44,0,28.9,логистика складские услуги(1) | послуги складу(9) | склад фулфилмент киев(1) | склад фулфілмент київ(1) | складские услуги киев(1) | складські послуги(10) | складські послуги київ(2) | складські послуги та обробку товарів(4) | скільки коштує складське зберігання для e-commerce магазину(7) | фулфілмент для інтернет магазинів київ(1)
https://fulfillmentmtp.com.ua/blog/tpost/jveoso2gb1-fulfilment-chto-eto-skolko-stoit-i-drugi/,0,39,0,35.2,услуга фулфилмент(5) | фулфилмент(3) | фулфилмент в товарке(1) | фулфилмент в товарном бизнесе(21) | фулфилмент украина(1) | фулфилмент цены(6)
https://www.fulfillmentmtp.com.ua/en/calculator/,0,39,0,40,fulfillment cost calculator(4) | fulfillment costs(5) | fulfilment costs(1) | how to calculate fulfillment cost per order(24)
https://www.fulfillmentmtp.com.ua/ua/about/,2,36,5.56,23.8,fulfilment логистика киев(1) | fulfilment логістика київ(1) | mtp group(3) | склад фулфилмент киев(1) | склад фулфілмент(1) | склад фулфілмент київ(2) | фулфилмент киев(3) | фулфілмент київ(1) | фулфілмент логістика київ(1)
https://www.fulfillmentmtp.com.ua/en/fulfillment-for-cosmetics/,0,36,0,63.9,cosmetica fulfilment(2) | cosmetics and beauty fulfillment(1) | cosmetics fulfillment(2) | cosmetics fulfillment services(2) | cosmetics fulfilment(6) | fulfillment beauty products(1) | fulfillment beauty-cosmetics(2) | fulfillment cosmetics(4) | fulfillment cosmetics products(1) | fulfillment of cosmetics(5)
https://fulfillmentmtp.com.ua/blog/tpost/1sn3nscy81-moshennichestvo-klientov-pri-pokupke-v-i,1,35,2.86,7.8,невыкуп товара(1)
https://www.fulfillmentmtp.com.ua/blog/tpost/25m6cs3xd1-svoi-sklad-vs-fulfilment-chto-vibrat-vla/,0,34,0,12.3,минусы фулфилмента(11) | плюсы фулфилмента(15) | склад фулфилмент(1) | фулфилмент для интернет магазина(3)
https://www.fulfillmentmtp.com.ua/ru/fulfilment-dlya-marketpleysov/,0,34,0,25.2,фулфилмент в товарке(15) | фулфилмент для интернет магазинов днепр(3) | фулфилмент для интернет магазинов запорожье(1) | фулфилмент для интернет магазинов киев(1) | фулфилмент для маркетплейсов днепр(1) | фулфилмент для маркетплейсов запорожье(1) | фулфилмент днепр(2) | фулфилмент розетка(2)
https://www.fulfillmentmtp.com.ua/blog/tpost/m2l0va78z1-chto-takoe-fulfilment-dlya-internet-maga,0,32,0,46.2,услуга фулфилмент(1) | фулфилмент(3) | фулфилмент для интернет магазина(4) | фулфилмент для интернет магазинов(4) | фулфилмент интернет магазина(6) | фулфілмент(1) | фулфілмент для інтернет магазинів(1) | что такое фулфилмент(11)
https://www.fulfillmentmtp.com.ua/en/fulfillment-kyiv/,0,32,0,4.8,
https://www.fulfillmentmtp.com.ua/ua/3pl-logistyka/,0,27,0,26.2,3 pl(3) | 3pl доставка(1) | 3pl доставка киев(1) | 3pl доставка київ(1) | 3pl логистика(1) | 3pl логистика киев(1) | 3pl логістика(1) | 3pl логістика дніпро(1) | 3pl логістика київ(1) | 3pl оператор київ(1)
https://fulfillmentmtp.com.ua/ua/blog/tpost/53yjx8x051-yak-nternet-magazinu-zahistitisya-vd-sha,0,26,0,11.0,"яка інформація на сайті інтернет-магазину може має бути присутньою для того, щоб користувач міг упевнитися в надійності сервісу?(12) | яка інформація на сайті інтернет-магазину може має бути присутньою для того, щоб користувач міг упевнитися в надійності сервісу? оберіть одну правильну відповідь(2)"
https://fulfillmentmtp.com.ua/blog/tpost/60er8zh601-rro-i-prro-dlya-biznesa-osobennosti-i-tr,0,25,0,44.5,программное обеспечение рро(1) | программное рро(1) | програмный рро(2) | регистратор расчетных операций(1) | рро для фоп что это(4) | рро для фоп это(5) | рро расшифровка(1) | рро это(4)
https://www.fulfillmentmtp.com.ua/ua/fulfilment-dlya-marketpleysiv/,0,25,0,24.1,склад фулфилмент днепр(2) | фулфілмент для маркетплейсов дніпро(2) | фулфілмент для маркетплейсов запоріжжя(1) | фулфілмент для інтернет магазинів(1)
https://www.fulfillmentmtp.com.ua/ua/tsiny/,2,24,8.33,13.1,mtp group(1) | фулфилмент цены(8) | яка вартість?(1)
https://www.fulfillmentmtp.com.ua/blog/chto-takoe-fulfilment/,0,24,0,40.6,fulfilment(4) | фулфилмент(5) | фулфілмент(6)
https://www.fulfillmentmtp.com.ua/about/,0,23,0,23.4,fulfilment логистика запорожье(1) | mtp group(1) | склад фулфилмент запорожье(2) | склад фулфилмент киев(1) | склад фулфілмент(1) | склад фулфілмент дніпро(3) | склад фулфілмент київ(1) | фулфилмент логистика запорожье(1)
https://www.fulfillmentmtp.com.ua/en/services/,0,22,0,11.2,packaging fulfillment(1) | ups 3pl services(1)
https://www.fulfillmentmtp.com.ua/en/about/,0,21,0,3.2,
https://www.fulfillmentmtp.com.ua/ua/blog/tpost/3tdig7x6z1-rro-dlya-nternet-magazinu-yak-vesti-bzne/,0,20,0,15.9,рро для інтернет магазинів(2) | рро інтернет магазин(1) | хмарна онлайн каса для інтернет-магазину(6)
https://www.fulfillmentmtp.com.ua/ua/guide/,0,20,0,5,fulfilment логістика запоріжжя(1) | mtp group(3)
https://www.fulfillmentmtp.com.ua/en/blog/post/expand-to-european-marketplaces/,1,19,5.26,36,fiscal representation ukraine(8)
https://fulfillmentmtp.com.ua/en/blog/post/replace-russian-services-ukraine-checklist/,0,19,0,6.2,
https://www.fulfillmentmtp.com.ua/calculator/,0,19,0,22.2,стоимость услуг фулфилмента(1) | услуги фулфилмента(5) | фулфилмент цены(12)
https://www.fulfillmentmtp.com.ua/en/guide/,0,18,0,7,packaging fulfillment(16)
https://www.fulfillmentmtp.com.ua/fulfilment-kiev/,0,18,0,35.3,fulfilment логистика киев(1) | fulfilment логістика київ(1) | склад фулфилмент киев(1) | склад фулфілмент київ(1) | фулфилмент для маркетплейсов киев(1) | фулфилмент киев(3) | фулфілмент київ(2) | фулфілмент логістика київ(1)
https://www.fulfillmentmtp.com.ua/ru/uslugi/,0,18,0,74.7,fulfilment service(1) | fulfilment логистика киев(2) | packaging fulfillment(5) | склад фулфилмент киев(2) | склад фулфілмент київ(1) | фулфилмент для интернет магазинов киев(1) | фулфилмент киев(3) | фулфілмент київ(1)
https://www.fulfillmentmtp.com.ua/ua/blog/rinok-fulfilmentu-ukraina/,0,18,0,53.3,3pl оператор київ(1) | склад фулфілмент дніпро(1) | фулфілмент для маркетплейсов дніпро(8) | фулфілмент дніпро(1)
https://www.fulfillmentmtp.com.ua/ru/calculator/,0,17,0,11.8,
https://www.fulfillmentmtp.com.ua/ua/fulfilment-po-vsiy-ukraini/,0,17,0,31.9,
https://fulfillmentmtp.com.ua/ua/blog/tpost/rjmgtrmvb1-fulflment-scho-tse-sklki-koshtu-ta-nsh-v,0,15,0,77.6,
https://fulfillmentmtp.com.ua/blog/tpost/33bmy57t51-kakoi-biznes-otkrit-v-ukraine-vozmozhnos,0,14,0,38,
https://fulfillmentmtp.com.ua/ua/blog/tpost/bgt5cmsix1-svi-sklad-vs-fulflment-scho-obrati-vlasn,0,14,0,33.7,
https://www.fulfillmentmtp.com.ua/blog/tpost/o5x60a9nk1-kak-sokratit-kolichestvo-vozvratov-tovar,1,13,7.69,6.2,
https://www.fulfillmentmtp.com.ua/en/heavy-goods/,0,13,0,13.3,
https://www.fulfillmentmtp.com.ua/ua/fulfilment-rozetka/,0,13,0,3.7,
https://fulfillmentmtp.com.ua/blog/tpost/ak35ism111-fulfilment-dlya-internet-magazina-odezhd,0,12,0,35.9,
https://fulfillmentmtp.com.ua/ua/blog/tpost/uec3upu741-fulflment-dlya-nternet-magazinu-odyagu-t,0,12,0,78.6,
https://www.fulfillmentmtp.com.ua/blog/tpost/pp8gsej3c1-fulfilment-protiv-sobstvennogo-sklada-v/,0,12,0,29.1,
https://www.fulfillmentmtp.com.ua/fulfilment-dlya-marketpleysov/,0,12,0,18,
https://www.fulfillmentmtp.com.ua/tsenu/,0,12,0,9.2,
https://www.fulfillmentmtp.com.ua/en/warehouse-services/,0,11,0,7.1,
https://www.fulfillmentmtp.com.ua/ua/fulfilment-kyiv/,0,11,0,6.7,
https://fulfillmentmtp.com.ua/ua/blog/tpost/d0kknsayu1-fulfillment-chi-vlasnii-sklad-u-2025-str,0,10,0,26.3,
https://fulfillmentmtp.com.ua/ua/services,0,10,0,5.2,
https://www.fulfillmentmtp.com.ua/en/prices/,0,10,0,4,
https://www.fulfillmentmtp.com.ua/ua/fulfilment-dlya-distributoriv/,0,9,0,45.9,
https://fulfillmentmtp.com.ua/tsenu/,0,8,0,24,
https://www.fulfillmentmtp.com.ua/blog/tpost/60er8zh601-rro-i-prro-dlya-biznesa-osobennosti-i-tr,0,8,0,64.5,
https://www.fulfillmentmtp.com.ua/blog/tpost/6bcn9jn3b1-dohod-est-a-pribili-net-gde-teryaet-deng/,0,8,0,6.9,
https://www.fulfillmentmtp.com.ua/blog/tpost/ak35ism111-fulfilment-dlya-internet-magazina-odezhd,0,8,0,63.5,
https://www.fulfillmentmtp.com.ua/blog/tpost/jveoso2gb1-fulfilment-chto-eto-skolko-stoit-i-drugi/,0,8,0,56.1,
https://www.fulfillmentmtp.com.ua/blog/tpost/mjrp3rx3z1-kak-internet-magazinu-rabotat-s-otzivami/,0,8,0,7,
https://www.fulfillmentmtp.com.ua/ua/blog/,0,8,0,23.5,
https://www.fulfillmentmtp.com.ua/ua/rozetka-fbo/,0,8,0,7,
https://www.fulfillmentmtp.com.ua/ua/paletne-zberigannya/,1,7,14.29,6.3,
https://fulfillmentmtp.com.ua/en/blog/post/how-to-start-online-store-ukraine/,0,7,0,5.6,
https://www.fulfillmentmtp.com.ua/ru/skladski-poslugy/,0,7,0,6.1,
https://www.fulfillmentmtp.com.ua/ua/calculator/,0,7,0,74.9,
https://www.fulfillmentmtp.com.ua/ua/fulfilment-vazhkykh-tovariv/,0,7,0,5.6,
https://fulfillmentmtp.com.ua/blog/tpost/n2a9117991-rro-dlya-internet-magazina-kak-vesti-biz,0,6,0,34.7,
https://fulfillmentmtp.com.ua/ua/about,0,6,0,47.8,
https://www.fulfillmentmtp.com.ua/blog/top-fulfilment-operatorov-2026/,0,6,0,8,
https://www.fulfillmentmtp.com.ua/blog/tpost/8emi42xu61-tovarnii-biznes-v-ukraine-osobennosti-i/,0,6,0,13.8,
https://www.fulfillmentmtp.com.ua/en/blog/post/how-fulfillment-works-ukraine-2025/,0,6,0,5,
https://www.fulfillmentmtp.com.ua/en/pallet-storage/,0,6,0,4.8,
https://www.fulfillmentmtp.com.ua/ru/3pl-logistika/,0,6,0,32.3,
https://www.fulfillmentmtp.com.ua/ua/mtp-vs-alternativy/,0,6,0,7.2,
https://www.fulfillmentmtp.com.ua/ua/fulfilment-dlya-fop/,1,5,20.0,58,
https://fulfillmentmtp.com.ua/en/blog/post/how-fulfillment-works-ukraine-2025/,0,5,0,4.8,
https://www.fulfillmentmtp.com.ua/blog/tpost/2k76ljgp91-kak-vibrat-fulfilment-operatora-v-ukrain/,0,5,0,13.8,
https://www.fulfillmentmtp.com.ua/blog/tpost/h4mk9ml261-biznes-v-ukraine-vo-vremya-voini-vizovi,0,5,0,5.2,
https://www.fulfillmentmtp.com.ua/en/blog/,0,5,0,6,
https://www.fulfillmentmtp.com.ua/ru/fulfilment-vazhkykh-tovariv/,0,5,0,28.6,
https://www.fulfillmentmtp.com.ua/ru/paletnoe-khranenie/,0,5,0,6,
https://www.fulfillmentmtp.com.ua/ua/blog/tpost/k6e9sg89y1-yak-vdkriti-nternet-magazin-v-ukran-osno/,0,5,0,43,
https://fulfillmentmtp.com.ua/ua/blog/tpost/2lpu5l5sa1-mtp-group-dinii-v-ukran-servs-z-shvidko,1,4,25.0,2,
https://fulfillmentmtp.com.ua/en/blog/post/best-business-ideas-ukraine/,0,4,0,6.2,
https://www.fulfillmentmtp.com.ua/en/blog/post/fiscal-register-requirements-ukraine/,0,4,0,5.5,
https://www.fulfillmentmtp.com.ua/en/blog/post/how-to-start-online-store-ukraine/,0,4,0,7.5,
https://www.fulfillmentmtp.com.ua/en/blog/post/online-store-during-wartime/,0,4,0,4.5,
https://www.fulfillmentmtp.com.ua/en/blog/post/reduce-product-returns-ecommerce/,0,4,0,18.5,
https://www.fulfillmentmtp.com.ua/en/recalls/,0,4,0,8.8,
https://www.fulfillmentmtp.com.ua/recalls/,0,4,0,5.2,
https://www.fulfillmentmtp.com.ua/ua/fulfilment-prom/,0,4,0,3.2,
https://www.fulfillmentmtp.com.ua/ua/recalls/,0,4,0,4,
https://fulfillmentmtp.com.ua/blog/tpost/keantd63p1-kak-rabotaet-fulfilment-v-ukraine-2025-o/,0,3,0,10.7,
https://fulfillmentmtp.com.ua/blog/tpost/pp8gsej3c1-fulfilment-protiv-sobstvennogo-sklada-v,0,3,0,30.7,
https://fulfillmentmtp.com.ua/en/blog/post/business-in-ukraine-during-war/,0,3,0,6.3,
https://fulfillmentmtp.com.ua/en/blog/post/mtp-group-best-fulfillment-operators/,0,3,0,4,
https://fulfillmentmtp.com.ua/en/blog/post/reduce-product-returns-ecommerce/,0,3,0,5,
https://fulfillmentmtp.com.ua/en/blog/post/top-5-logistics-mistakes-ecommerce/,0,3,0,7.7,
https://fulfillmentmtp.com.ua/en/calculator/,0,3,0,6,
https://fulfillmentmtp.com.ua/ua/blog/tpost/vzfshz9ht1-yak-ukranskim-pdprimtsyam-viiti-na-vrope,0,3,0,11,
https://www.fulfillmentmtp.com.ua/blog/tpost/iavfdk7371-10-rabochih-sposobov-uvelichit-pribil-in/,0,3,0,7,
https://www.fulfillmentmtp.com.ua/blog/tpost/keantd63p1-kak-rabotaet-fulfilment-v-ukraine-2025-o,0,3,0,5.3,
https://www.fulfillmentmtp.com.ua/en/blog/post/5-mistakes-starting-online-store/,0,3,0,5.3,
https://www.fulfillmentmtp.com.ua/ru/fulfilment-dlya-kosmetiki/,0,3,0,2.3,
https://www.fulfillmentmtp.com.ua/skladski-poslugy/,0,3,0,33.3,
https://www.fulfillmentmtp.com.ua/ua/blog/vartist-fulfilmentu-2026/,0,3,0,3.7,
https://fulfillmentmtp.com.ua/blog/tpost/pdjm77ogc1-chto-takoe-sla-v-logistike-i-pochemu-eto,0,2,0,2,
https://fulfillmentmtp.com.ua/en/about/,0,2,0,1,
https://fulfillmentmtp.com.ua/en/blog/post/prepare-store-valentines-day/,0,2,0,16,
https://fulfillmentmtp.com.ua/en/blog/post/protect-store-from-fraud/,0,2,0,7,
https://fulfillmentmtp.com.ua/recalls,0,2,0,5.5,
https://fulfillmentmtp.com.ua/ua/blog/tpost/gdf6pzul31-top-5-pomilok-yak-vbivayut-logstiku-nter,0,2,0,7.5,
https://www.fulfillmentmtp.com.ua/blog/tpost/do95mhtv41-naibolee-chastie-oshibki-v-logistike-vo/,0,2,0,7.5,
https://www.fulfillmentmtp.com.ua/blog/tpost/n2a9117991-rro-dlya-internet-magazina-kak-vesti-biz/,0,2,0,40.5,
https://www.fulfillmentmtp.com.ua/blog/tpost/okobnaenu1-kak-otkrit-internet-magazin-vo-vremya-vo/,0,2,0,6,
https://www.fulfillmentmtp.com.ua/blog/tpost/xh1rdimut1-5-glavnih-oshibok-v-logistike-internet-m,0,2,0,23.5,
https://www.fulfillmentmtp.com.ua/en/3pl-logistics/,0,2,0,6,
https://www.fulfillmentmtp.com.ua/en/blog/post/what-is-sla-in-logistics/,0,2,0,8.5,
https://www.fulfillmentmtp.com.ua/en/guide/how-to-integrate-prom/,0,2,0,4,
https://www.fulfillmentmtp.com.ua/en/guide/quality-control-accuracy/,0,2,0,20,
https://www.fulfillmentmtp.com.ua/fulfilment-vazhkykh-tovariv/,0,2,0,5.5,
https://www.fulfillmentmtp.com.ua/ua/b2b-fulfilment/,0,2,0,12.5,
https://www.fulfillmentmtp.com.ua/ua/blog/tpost/ldos1bvrh1-yak-pdgotuvati-nternet-magazin-do-novorc,0,2,0,20,
https://www.fulfillmentmtp.com.ua/ua/blog/yak-vybrati-fulfilment/,0,2,0,5,
https://www.fulfillmentmtp.com.ua/ua/enterprise-solutions/,0,2,0,5,
https://fulfillmentmtp.com.ua/blog/tpost/2k76ljgp91-kak-vibrat-fulfilment-operatora-v-ukrain,0,1,0,1,
https://fulfillmentmtp.com.ua/blog/tpost/6bcn9jn3b1-dohod-est-a-pribili-net-gde-teryaet-deng/,0,1,0,1,
https://fulfillmentmtp.com.ua/blog/tpost/a5zlsrmfs1-chem-zamenit-rossiiskie-servisi-chek-lis,0,1,0,9,
https://fulfillmentmtp.com.ua/en/blog/post/10-ways-increase-profit-ecommerce/,0,1,0,9,
https://fulfillmentmtp.com.ua/en/blog/post/fiscal-register-prro-business/,0,1,0,4,
https://fulfillmentmtp.com.ua/en/blog/post/fiscal-register-requirements-ukraine/,0,1,0,3,
https://fulfillmentmtp.com.ua/en/blog/post/fulfillment-vs-own-warehouse-2025/,0,1,0,6,
https://fulfillmentmtp.com.ua/en/blog/post/peak-season-logistics-mistakes/,0,1,0,8,
https://fulfillmentmtp.com.ua/fulfilment-vazhkykh-tovariv/,0,1,0,14,
https://fulfillmentmtp.com.ua/ua/blog/tpost/5kfyptimc1-10-robochih-sposobv-zblshiti-pributok-nt/,0,1,0,7,
https://fulfillmentmtp.com.ua/ua/blog/tpost/699f3hz0v1-yak-pratsyu-fulflment-v-ukran-2025-ekspe,0,1,0,10,
https://fulfillmentmtp.com.ua/ua/blog/tpost/jghdgatid1-yak-vdkriti-nternet-magazin-pd-chas-vini,0,1,0,2,
https://www.fulfillmentmtp.com.ua/blog/,0,1,0,17,
https://www.fulfillmentmtp.com.ua/blog/tpost/2b5uuyxzx1-chto-nuzhno-znat-o-povedenii-pokupatelei/,0,1,0,6,
https://www.fulfillmentmtp.com.ua/blog/tpost/2l10ulx751-kak-ukrainskim-predprinimatelyam-viiti-n/,0,1,0,1,
https://www.fulfillmentmtp.com.ua/blog/tpost/a5zlsrmfs1-chem-zamenit-rossiiskie-servisi-chek-lis,0,1,0,1,
https://www.fulfillmentmtp.com.ua/blog/tpost/e3uzpiaja1-5-glavnih-oshibok-pri-otkritii-internet/,0,1,0,9,
https://www.fulfillmentmtp.com.ua/blog/tpost/ka4rkudet1-kak-podgotovit-internet-magazin-k-8-mart,0,1,0,62,
https://www.fulfillmentmtp.com.ua/blog/tpost/kahfgm2161-7-trendov-internet-torgovli-v-2022-godu/,0,1,0,5,
https://www.fulfillmentmtp.com.ua/en/blog/post/fulfillment-vs-own-warehouse/,0,1,0,2,
https://www.fulfillmentmtp.com.ua/en/blog/post/peak-season-logistics-mistakes/,0,1,0,15,
https://www.fulfillmentmtp.com.ua/en/blog/post/what-is-fulfillment-complete-guide/,0,1,0,5,
https://www.fulfillmentmtp.com.ua/en/blog/post/why-audit-warehouse-in-summer/,0,1,0,11,
https://www.fulfillmentmtp.com.ua/en/fulfillment-for-food-beverages/,0,1,0,7,
https://www.fulfillmentmtp.com.ua/en/fulfillment-ukraine/,0,1,0,4,
https://www.fulfillmentmtp.com.ua/en/guide/common-fulfillment-mistakes/,0,1,0,1,
https://www.fulfillmentmtp.com.ua/en/guide/how-to-integrate-rozetka/,0,1,0,4,
https://www.fulfillmentmtp.com.ua/en/guide/warehouse-management-systems/,0,1,0,34,
https://www.fulfillmentmtp.com.ua/images/blog/otkryt-biznes-onlajn.jpg,0,1,0,17,
https://www.fulfillmentmtp.com.ua/ru/fulfilment-dlya-malogo-biznesa/,0,1,0,7,
https://www.fulfillmentmtp.com.ua/ru/tsenu/,0,1,0,10,
https://www.fulfillmentmtp.com.ua/ua/blog/chomu-fulfilment-deshevshyy/,0,1,0,20,
https://www.fulfillmentmtp.com.ua/ua/blog/fulfilment-vs-vlasnyy-sklad/,0,1,0,26,
https://www.fulfillmentmtp.com.ua/ua/fulfillment-dlya-avtomobilnyh-detalei/,0,1,0,77,
https://www.fulfillmentmtp.com.ua/ua/fulfillment-woocommerce/,0,1,0,10,
https://www.fulfillmentmtp.com.ua/ua/fulfilment-dlya-kosmetyky/,0,1,0,18,
https://www.fulfillmentmtp.com.ua/ua/guide/yak-rozpochatyy-z-mtp/,0,1,0,12,
