url,clicks_90d,impressions_90d,ctr_pct,avg_position,action,top_queries
https://www.fulfillmentmtp.com.ua/ua/blog/tpost/s7non1f0y1-scho-take-sla-v-logstits-chomu-tse-klyuc/,2,365,0.55,7.1,301_SPECIFIC,sla | sla - це | sla підтримки платформ продажу надлишків | sla це | sla що це | sla. | sla/slo | что такое sla в логистике | що таке sla | що таке сла
https://www.fulfillmentmtp.com.ua/ua/blog/tpost/2fz7njsgn1-scho-take-artikul-yak-pravilno-iogo-stvo/,1,336,0.3,5.0,301_SPECIFIC,що таке артикул | fhnbrek | арикул | артикул | артикул товара | артикул товару | артикул товару приклад | артикул товару це | артикул це | артикула
https://www.fulfillmentmtp.com.ua/blog/tpost/yzhv774pa1-kak-otkrit-internet-magazin-v-ukraine-os/,1,295,0.34,24.1,301_SPECIFIC,ведение интернет магазина | заказать интернет магазин цена | запуск и продвижение интернет магазина с нуля | запуск интернет магазина с нуля | интернет магазин как открыть | интернет магазин как открыть пошагово с нуля | интернет магазин открыть | интернет магазин создать украина | как заполнять интернет магазин | как запустить интернет магазин
https://www.fulfillmentmtp.com.ua/ua/blog/tpost/xz8vfk1jg1-tovarnii-bznes-v-ukran-osoblivost-ta-per/,0,164,0,8.5,301_SPECIFIC,товарний | товарний бізнес | товарний бізнес в україні | товарний бізнес відгуки | товарний бізнес україна | товарний бізнес україни | товарний бізнес це | товарный бизнес | фулфілмент для товарного бізнесу | що таке товарний бізнес
https://www.fulfillmentmtp.com.ua/blog/tpost/pdjm77ogc1-chto-takoe-sla-v-logistike-i-pochemu-eto/,0,98,0,8.3,301_HUB,sla | sla shipping | sla в логистике | sla в логистике это | sla логистика | sla что это | сла это | что такое sla в логистике
https://fulfillmentmtp.com.ua/blog/tpost/8emi42xu61-tovarnii-biznes-v-ukraine-osobennosti-i,0,67,0,10,301_HUB,товарный бизнес | товарный бизнес украина | что такое товарный бизнес
https://fulfillmentmtp.com.ua/ua/blog/tpost/iyjgnyrmx1-rro-prro-dlya-bznesu-osoblivost-ta-vimog,0,56,0,36.3,301_HUB,rro | програмний реєстратор розрахункових операцій | програмний рро для юридичних осіб | програмний рро це | прро це | рро | рро для салонів краси | рро касовий апарат | рро прро | рро прро це
https://www.fulfillmentmtp.com.ua/ua/blog/tpost/2lpu5l5sa1-mtp-group-dinii-v-ukran-servs-z-shvidko/,6,53,11.32,8.5,301_SPECIFIC,mtp group | так
https://www.fulfillmentmtp.com.ua/blog/tpost/yzhv774pa1-kak-otkrit-internet-magazin-v-ukraine-os,0,51,0,26.5,301_HUB,бизнес интернет магазин | где открыть интернет компанию | заказать интернет магазин | запуск и продвижение интернет магазина с нуля | как запустить интернет магазин | как запустить интернет магазин с нуля | как запустить свой интернет магазин | как открыть интернет магазин | как открыть интернет магазин в украине | как открыть интернет-магазин в украине
https://fulfillmentmtp.com.ua/blog/tpost/jveoso2gb1-fulfilment-chto-eto-skolko-stoit-i-drugi/,0,39,0,35.2,301_HUB,услуга фулфилмент | фулфилмент | фулфилмент в товарке | фулфилмент в товарном бизнесе | фулфилмент украина | фулфилмент цены
https://fulfillmentmtp.com.ua/blog/tpost/1sn3nscy81-moshennichestvo-klientov-pri-pokupke-v-i,1,35,2.86,7.8,301_HUB,невыкуп товара
https://www.fulfillmentmtp.com.ua/blog/tpost/25m6cs3xd1-svoi-sklad-vs-fulfilment-chto-vibrat-vla/,0,34,0,12.3,301_HUB,минусы фулфилмента | плюсы фулфилмента | склад фулфилмент | фулфилмент для интернет магазина
https://www.fulfillmentmtp.com.ua/blog/tpost/m2l0va78z1-chto-takoe-fulfilment-dlya-internet-maga,0,32,0,46.2,301_HUB,услуга фулфилмент | фулфилмент | фулфилмент для интернет магазина | фулфилмент для интернет магазинов | фулфилмент интернет магазина | фулфілмент | фулфілмент для інтернет магазинів | что такое фулфилмент
https://fulfillmentmtp.com.ua/ua/blog/tpost/53yjx8x051-yak-nternet-magazinu-zahistitisya-vd-sha,0,26,0,11.0,301_HUB,"яка інформація на сайті інтернет-магазину може має бути присутньою для того, щоб користувач міг упевнитися в надійності сервісу? | яка інформація на сайті інтернет-магазину може має бути присутньою для того, щоб користувач міг упевнитися в надійності сервісу? оберіть одну правильну відповідь"
https://fulfillmentmtp.com.ua/blog/tpost/60er8zh601-rro-i-prro-dlya-biznesa-osobennosti-i-tr,0,25,0,44.5,301_HUB,программное обеспечение рро | программное рро | програмный рро | регистратор расчетных операций | рро для фоп что это | рро для фоп это | рро расшифровка | рро это
https://www.fulfillmentmtp.com.ua/ua/blog/tpost/3tdig7x6z1-rro-dlya-nternet-magazinu-yak-vesti-bzne/,0,20,0,15.9,301_HUB,рро для інтернет магазинів | рро інтернет магазин | хмарна онлайн каса для інтернет-магазину
https://fulfillmentmtp.com.ua/ua/blog/tpost/rjmgtrmvb1-fulflment-scho-tse-sklki-koshtu-ta-nsh-v,0,15,0,77.6,301_HUB,фулфилмент цены | фулфілмент | фулфілмент для інтернет магазинів | фулфілмент для інтернет магазинів київ | фулфілмент це
https://fulfillmentmtp.com.ua/blog/tpost/33bmy57t51-kakoi-biznes-otkrit-v-ukraine-vozmozhnos,0,14,0,38,301_HUB,как открыть свой бизнес в украине | каким бизнесом заняться в украине | какой бизнес можно открыть | какой бизнес открыть | какой бизнес открыть с нуля | какой открыть бизнес | открыть бизнес в украине
https://fulfillmentmtp.com.ua/ua/blog/tpost/bgt5cmsix1-svi-sklad-vs-fulflment-scho-obrati-vlasn,0,14,0,33.7,301_HUB,склад для інтернет-магазину | склад фулфилмент | склад фулфілмент київ | складський комплекс для інтернет-магазинів | фулфилмент склад | фулфілмент що це
https://www.fulfillmentmtp.com.ua/blog/tpost/o5x60a9nk1-kak-sokratit-kolichestvo-vozvratov-tovar,1,13,7.69,6.2,301_HUB,снизить возвраты товара
https://fulfillmentmtp.com.ua/blog/tpost/ak35ism111-fulfilment-dlya-internet-magazina-odezhd,0,12,0,35.9,301_HUB,фулфилмент в товарке | фулфилмент в товарном бизнесе | фулфилмент для интернет магазина | фулфилмент для интернет магазинов
https://fulfillmentmtp.com.ua/ua/blog/tpost/uec3upu741-fulflment-dlya-nternet-magazinu-odyagu-t,0,12,0,78.6,301_HUB,фулфилмент для интернет магазина | фулфилмент интернет магазина | фулфілмент | фулфілмент для товарного бізнесу | фулфілмент для інтернет магазинів | фулфілмент для інтернет магазинів київ
https://www.fulfillmentmtp.com.ua/blog/tpost/pp8gsej3c1-fulfilment-protiv-sobstvennogo-sklada-v/,0,12,0,29.1,301_HUB,склад фулфилмент | склад фулфілмент | склад фулфілмент дніпро | фулфилмент склад
https://fulfillmentmtp.com.ua/ua/blog/tpost/d0kknsayu1-fulfillment-chi-vlasnii-sklad-u-2025-str,0,10,0,26.3,301_HUB,e fulfillment | склад фулфилмент | складський комплекс для e-commerce
https://www.fulfillmentmtp.com.ua/blog/tpost/60er8zh601-rro-i-prro-dlya-biznesa-osobennosti-i-tr,0,8,0,64.5,410_OR_HUB,настройка рро для фоп | обязательное рро для фоп | прро для фоп | рро это
https://www.fulfillmentmtp.com.ua/blog/tpost/6bcn9jn3b1-dohod-est-a-pribili-net-gde-teryaet-deng/,0,8,0,6.9,410_OR_HUB,
https://www.fulfillmentmtp.com.ua/blog/tpost/ak35ism111-fulfilment-dlya-internet-magazina-odezhd,0,8,0,63.5,410_OR_HUB,фулфилмент для интернет магазина | фулфилмент для интернет магазинов | фулфилмент для интернет магазинов запорожье | фулфилмент интернет магазина
https://www.fulfillmentmtp.com.ua/blog/tpost/jveoso2gb1-fulfilment-chto-eto-skolko-stoit-i-drugi/,0,8,0,56.1,410_OR_HUB,услуга фулфилмент | фулфилмент | фулфилмент в товарном бизнесе | фулфилмент украина
https://www.fulfillmentmtp.com.ua/blog/tpost/mjrp3rx3z1-kak-internet-magazinu-rabotat-s-otzivami/,0,8,0,7,410_OR_HUB,размещение положительных отзывов в интернете
https://fulfillmentmtp.com.ua/blog/tpost/n2a9117991-rro-dlya-internet-magazina-kak-vesti-biz,0,6,0,34.7,410_OR_HUB,хмарна онлайн каса для інтернет-магазину
https://www.fulfillmentmtp.com.ua/blog/tpost/8emi42xu61-tovarnii-biznes-v-ukraine-osobennosti-i/,0,6,0,13.8,410_OR_HUB,сервисы товарного бизнеса | товарный бизнес | товарный бизнес украина
https://www.fulfillmentmtp.com.ua/blog/tpost/2k76ljgp91-kak-vibrat-fulfilment-operatora-v-ukrain/,0,5,0,13.8,410_OR_HUB,
https://www.fulfillmentmtp.com.ua/blog/tpost/h4mk9ml261-biznes-v-ukraine-vo-vremya-voini-vizovi,0,5,0,5.2,410_OR_HUB,
https://www.fulfillmentmtp.com.ua/ua/blog/tpost/k6e9sg89y1-yak-vdkriti-nternet-magazin-v-ukran-osno/,0,5,0,43,410_OR_HUB,відкрити інтернет магазин | що потрібно щоб відкрити інтернет магазин
https://fulfillmentmtp.com.ua/ua/blog/tpost/2lpu5l5sa1-mtp-group-dinii-v-ukran-servs-z-shvidko,1,4,25.0,2,410_OR_HUB,
https://fulfillmentmtp.com.ua/blog/tpost/keantd63p1-kak-rabotaet-fulfilment-v-ukraine-2025-o/,0,3,0,10.7,410_OR_HUB,
https://fulfillmentmtp.com.ua/blog/tpost/pp8gsej3c1-fulfilment-protiv-sobstvennogo-sklada-v,0,3,0,30.7,410_OR_HUB,
https://fulfillmentmtp.com.ua/ua/blog/tpost/vzfshz9ht1-yak-ukranskim-pdprimtsyam-viiti-na-vrope,0,3,0,11,410_OR_HUB,
https://www.fulfillmentmtp.com.ua/blog/tpost/iavfdk7371-10-rabochih-sposobov-uvelichit-pribil-in/,0,3,0,7,410_OR_HUB,
https://www.fulfillmentmtp.com.ua/blog/tpost/keantd63p1-kak-rabotaet-fulfilment-v-ukraine-2025-o,0,3,0,5.3,410_OR_HUB,crm в фулфилменте
https://fulfillmentmtp.com.ua/blog/tpost/pdjm77ogc1-chto-takoe-sla-v-logistike-i-pochemu-eto,0,2,0,2,410_OR_HUB,sla | sla что это
https://fulfillmentmtp.com.ua/ua/blog/tpost/gdf6pzul31-top-5-pomilok-yak-vbivayut-logstiku-nter,0,2,0,7.5,410_OR_HUB,
https://www.fulfillmentmtp.com.ua/blog/tpost/do95mhtv41-naibolee-chastie-oshibki-v-logistike-vo/,0,2,0,7.5,410_OR_HUB,
https://www.fulfillmentmtp.com.ua/blog/tpost/n2a9117991-rro-dlya-internet-magazina-kak-vesti-biz/,0,2,0,40.5,410_OR_HUB,рро для интернет магазина
https://www.fulfillmentmtp.com.ua/blog/tpost/okobnaenu1-kak-otkrit-internet-magazin-vo-vremya-vo/,0,2,0,6,410_OR_HUB,
https://www.fulfillmentmtp.com.ua/blog/tpost/xh1rdimut1-5-glavnih-oshibok-v-logistike-internet-m,0,2,0,23.5,410_OR_HUB,
https://www.fulfillmentmtp.com.ua/ua/blog/tpost/ldos1bvrh1-yak-pdgotuvati-nternet-magazin-do-novorc,0,2,0,20,410_OR_HUB,відгриміти
https://fulfillmentmtp.com.ua/blog/tpost/2k76ljgp91-kak-vibrat-fulfilment-operatora-v-ukrain,0,1,0,1,410_OR_HUB,
https://fulfillmentmtp.com.ua/blog/tpost/6bcn9jn3b1-dohod-est-a-pribili-net-gde-teryaet-deng/,0,1,0,1,410_OR_HUB,
https://fulfillmentmtp.com.ua/blog/tpost/a5zlsrmfs1-chem-zamenit-rossiiskie-servisi-chek-lis,0,1,0,9,410_OR_HUB,
https://fulfillmentmtp.com.ua/ua/blog/tpost/5kfyptimc1-10-robochih-sposobv-zblshiti-pributok-nt/,0,1,0,7,410_OR_HUB,
https://fulfillmentmtp.com.ua/ua/blog/tpost/699f3hz0v1-yak-pratsyu-fulflment-v-ukran-2025-ekspe,0,1,0,10,410_OR_HUB,
https://fulfillmentmtp.com.ua/ua/blog/tpost/jghdgatid1-yak-vdkriti-nternet-magazin-pd-chas-vini,0,1,0,2,410_OR_HUB,
https://www.fulfillmentmtp.com.ua/blog/tpost/2b5uuyxzx1-chto-nuzhno-znat-o-povedenii-pokupatelei/,0,1,0,6,410_OR_HUB,покупателей
https://www.fulfillmentmtp.com.ua/blog/tpost/2l10ulx751-kak-ukrainskim-predprinimatelyam-viiti-n/,0,1,0,1,410_OR_HUB,европейские маркетплейсы
https://www.fulfillmentmtp.com.ua/blog/tpost/a5zlsrmfs1-chem-zamenit-rossiiskie-servisi-chek-lis,0,1,0,1,410_OR_HUB,
https://www.fulfillmentmtp.com.ua/blog/tpost/e3uzpiaja1-5-glavnih-oshibok-pri-otkritii-internet/,0,1,0,9,410_OR_HUB,
https://www.fulfillmentmtp.com.ua/blog/tpost/ka4rkudet1-kak-podgotovit-internet-magazin-k-8-mart,0,1,0,62,410_OR_HUB,фулфилмент для интернет магазинов киев
https://www.fulfillmentmtp.com.ua/blog/tpost/kahfgm2161-7-trendov-internet-torgovli-v-2022-godu/,0,1,0,5,410_OR_HUB,
